id,title
521,"Access Equipment Hire"
1010,"Acrylic Rendering"
1356,"Adhesive Suppliers"
177,"Air Conditioner Repairs"
48,"Air Conditioning"
151,"Air Conditioning Installation"
150,"Air Conditioning Repairs & Maintenance"
152,"Air Conditioning Suppliers"
193,"Alarm Systems"
309,"Aluminium Suppliers"
168,"Antenna Relocation"
164,"Antenna Repairs & Troubleshooting"
145,"Antenna Services"
162,"Antenna Suppliers & Installation"
346,"Anti-Slip Concrete Resurfacing"
821,"Antislip Floor Coatings"
223,"Ants Pest Control"
99,"Appliance Repairs"
47,"Arborists"
1341,"Arches"
427,"Architect Tender Services"
1,"Architects"
220,"Architects - House Extensions"
1233,"Architectural Lighting Suppliers"
426,"Architectural Project Management"
218,"Architectural Town Planning Services"
432,"Architraves"
705,"Asbestos Air Monitoring"
336,"Asbestos Demolition"
704,"Asbestos Inspections"
89,"Asbestos Removal"
706,"Asbestos Site Decontamination"
355,"Asphalt Concreting"
1150,"Attic Access Ladders"
1238,"Automatic Awning Suppliers"
1266,"Automatic Door Suppliers"
867,"Automatic Gates"
221,"Awning Installation"
445,"Awning Repairs"
225,"Awning Suppliers"
1332,"Awning Windows"
124,"Awnings"
792,"BBQ Cleaning Services"
382,"Backflow Services"
1008,"Bagging Renderer"
433,"Balcony Balustrades"
891,"Balcony Handrails"
1105,"Balcony Waterproofing"
86,"Balustrades"
809,"Bamboo Fencing"
1148,"Bamboo Flooring"
715,"Basin Installation"
240,"Basin Resurfacing"
713,"Bath Installation"
18,"Bath Resurfacing"
239,"Bath Resurfacing"
100,"Bathroom Accessories"
717,"Bathroom Builder"
720,"Bathroom Cabinet Makers"
422,"Bathroom Cabinet Makers"
710,"Bathroom Designers"
1360,"Bathroom Fittings"
926,"Bathroom Joinery"
732,"Bathroom Mirrors"
3,"Bathroom Renovations"
716,"Bathroom Repairs"
244,"Bathroom Resurfacing"
726,"Bathroom Robe Hooks"
725,"Bathroom Shelving & Cabinets"
731,"Bathroom Shower Sets"
1152,"Bathroom Sinks"
727,"Bathroom Taps"
1245,"Bathroom Taps"
721,"Bathroom Tilers"
1321,"Bathroom Tiles"
182,"Bathroom Tiling"
729,"Bathroom Toilet Roll Holders"
724,"Bathroom Towel Rails & Rings"
327,"Bathroom Vanities"
1153,"Bathroom Vanity Suppliers"
719,"Bathroom Waterproofers"
1106,"Bathroom Waterproofers"
1154,"Baths"
494,"Bed Bugs Pest Control"
1155,"Beds"
224,"Bee Removal"
424,"Benchtop Cabinet Makers"
1267,"BiFold Door Suppliers"
1333,"Bifold Windows"
495,"Bird Control"
452,"Blind Installers"
451,"Blind Suppliers"
122,"Blinds"
384,"Blocked Drains"
379,"Blockwork"
280,"Bobcat Hire"
318,"Bookcase Cabinet Makers"
1156,"Bookcases"
1368,"Brackets"
776,"Brick Cladding"
378,"Brick Extensions"
380,"Brick Fences"
810,"Brick Fencing"
364,"Brick Fireplaces"
356,"Brick Pointing"
51,"Bricklayers"
377,"Bricklaying Alterations & Additions"
786,"Builder Clean Ups"
5,"Builders"
214,"Building Audits"
753,"Building Certification Services"
148,"Building Certifiers"
56,"Building Consultants"
337,"Building Decking"
752,"Building Design Consultants"
43,"Building Designers"
429,"Building Designers - Extensions & Additions"
751,"Building Development Application Services"
755,"Building Dispute Resolution Services"
754,"Building Inspection Consultants"
72,"Building Inspections"
801,"Building Permits"
287,"Building Project Managers"
279,"Building Renovation"
50,"Building Supplies"
149,"Building Surveyors"
1099,"Built In Wardrobe Builders"
319,"Built-in Furniture Cabinet Makers"
195,"CCTV"
1370,"Cabinet Doors"
1157,"Cabinet Hardware"
4,"Cabinet Makers"
488,"Car Locksmith"
153,"Car Window Tinting"
19,"Carpenters"
331,"Carpenters - Doors"
340,"Carpenters - Formwork"
342,"Carpenters - Handrails"
335,"Carpenters - House Frames"
333,"Carpenters - Ramps"
507,"Carpenters - Renovations"
431,"Carpenters - Skirting"
339,"Carpenters - Windows"
760,"Carpet & Fabric Protection"
23,"Carpet Cleaning"
757,"Carpet Dry Cleaning"
770,"Carpet Dyeing"
768,"Carpet Install"
6,"Carpet Layers"
764,"Carpet Laying"
765,"Carpet Overlocking"
763,"Carpet Repairs"
766,"Carpet Restretch"
759,"Carpet Sanitising & Deoderising"
758,"Carpet Steam Cleaning"
769,"Carpet Suppliers"
1079,"Carpet Tiles"
125,"Carpets"
773,"Carport Builder"
772,"Carport Carpenter"
774,"Carport Drafter"
1342,"Carport Suppliers"
98,"Carports"
1334,"Casement Windows"
1103,"Caulking"
1158,"Cement Bonding Agents"
780,"Cement Cladding"
1009,"Cement Render"
501,"Cement Suppliers"
1075,"Ceramic Tiles"
1159,"Chairs"
101,"Chimney Sweepers"
1104,"Chimney Waterproofers"
82,"Cladding"
781,"Cladding Suppliers"
1344,"Cleaning Products"
880,"Cleaning Roof Gutters"
881,"Cleaning Stormwater Pits & Drains"
197,"Clothes Dryer Repairs"
1161,"Clothes lines"
1162,"Coating Materials"
226,"Cockroaches Pest Control"
1163,"Coffee Tables"
914,"Colour Consultants"
358,"Coloured Concreting"
1373,"Columns"
209,"Commercial Architects"
708,"Commercial Asbestos Removal"
480,"Commercial Builders"
487,"Commercial Building Designers"
93,"Commercial Cleaning"
785,"Commercial Graffiti Removal"
882,"Commercial Gutter Cleaning"
787,"Commercial High Pressure Cleaning"
245,"Commercial Inspection Services"
1131,"Commercial Interior Designers"
1385,"Commercial Lighting Suppliers"
483,"Commercial Painters"
283,"Compacting Equipment Hire"
711,"Complete Bathroom Renovation"
248,"Completion / Defects Reports"
1411,"Composite Decking"
777,"Concrete Cladding"
357,"Concrete Cleaning"
367,"Concrete Cutting"
368,"Concrete Driveways"
827,"Concrete Floor Polishing"
369,"Concrete Footpaths"
370,"Concrete Formwork"
371,"Concrete Foundations"
372,"Concrete Grinding"
373,"Concrete House Slabs"
799,"Concrete Kerb Suppliers"
102,"Concrete Kerbs"
1394,"Concrete Pavers"
345,"Concrete Polishing"
363,"Concrete Pools"
1164,"Concrete Protection Materials"
434,"Concrete Reinforcement"
365,"Concrete Removal"
350,"Concrete Repair & Reseal"
143,"Concrete Resurfacing"
1011,"Concrete Retaining Walls"
374,"Concrete Sealing"
298,"Concrete Suppliers"
366,"Concrete Walls"
1165,"Concrete Waterproofing"
22,"Concreting"
1146,"Construction Project Management"
1355,"Courses and Workshops"
522,"Crane Hire"
1166,"Cubby Houses"
517,"Curtain Accessories"
519,"Curtain Fabrics"
360,"Curtain Installers"
362,"Curtain Suppliers"
123,"Curtains"
839,"Custom Built Chairs"
838,"Custom Built Storage Solutions"
840,"Custom Built Tables"
842,"Custom Cabinets"
1115,"Custom Design & Install Shutters"
222,"Custom Design Awnings"
983,"Custom Design Pergola"
1047,"Custom Design Shower Screens"
844,"Custom Entertainment Units"
137,"Custom Furniture"
837,"Custom Furniture Consultation"
843,"Custom Furniture Upholstery"
868,"Custom Gates"
359,"Custom Made Curtains"
1372,"DIY Building Materials"
103,"Damp Proofing"
348,"Deck Sealing & Finishing"
58,"Decking"
347,"Decking Construction"
1264,"Decking Materials"
1167,"Decking Oil"
523,"Decking Suppliers"
1261,"Decorative Coating Materials"
512,"Decorative Concrete Coatings"
42,"Demolition"
334,"Demolition - Strip Outs"
341,"Demolition With Salvage Rights"
343,"Demolition Without Salvage Rights"
1033,"Design & Install Sails"
1034,"Design & Install Umbrellas"
428,"Development Approvals"
460,"Digital TV Antenna Points"
498,"Dilapidation Reports"
1149,"Dining Tables"
187,"Dishwasher Repairs"
440,"Door Frame Installation"
1170,"Door Handles"
1171,"Door Hardware"
329,"Door Installation"
330,"Door Repairs"
332,"Door Replacement"
525,"Door Restoration"
328,"Door Suppliers"
66,"Doors"
1335,"Double Glazed Windows"
1336,"Double Hung Windows"
1234,"Down Light Suppliers"
41,"Drafting"
322,"Drafting - Carports"
320,"Drafting - Extensions & Additions"
324,"Drafting - Garages"
326,"Drafting - New Home"
390,"Drain Repairs"
1367,"Drains"
1173,"Drawer Systems"
1174,"Drawers"
918,"Drip Irrigation Systems"
973,"Driveway Paving"
1239,"Drop Arm Awning Suppliers"
987,"Dry Wall Plastering"
793,"Duct Cleaning"
446,"Ducted Air Conditioning"
504,"Ducted Gas Heating Systems"
1175,"Ducted Vacuum Systems"
285,"Earth Moving Equipment Hire"
904,"Electric Hot Water Systems"
297,"Electrical Data Cabling"
295,"Electrical Lighting"
307,"Electrical Power Points"
310,"Electrical Repairs"
311,"Electrical Rewiring"
312,"Electrical Safety Switches"
313,"Electrical Security Lighting"
315,"Electrical Switchboards"
8,"Electricians"
293,"Electricians - Alarm Systems"
296,"Electricians - Back Up Generators"
299,"Electricians - Fibre Optic Cables"
300,"Electricians - Home Automation"
303,"Electricians - Home Entertainment System"
317,"Electricians - Uninterruptable Power Supply (UPS)"
490,"Electronic & Biometric Locks"
709,"Emergency Asbestos Removal"
292,"Emergency Electricians"
958,"Emergency Lighting Design & Install"
448,"Emergency Locksmiths"
420,"Emergency Plumbers"
1089,"Emergency Tree Removal"
450,"Emergency Window Repairs"
493,"Energy Rating Assessors"
1176,"Entertainment Units"
1268,"Entry Door Suppliers"
820,"Epoxy Floor Coating"
24,"Equipment Hire"
467,"Evaporative Cooling Air Conditioning"
76,"Excavation"
266,"Excavation - Boring"
267,"Excavation - Compacting"
520,"Excavation - Confined Space (mini excavator)"
268,"Excavation - Earth Moving"
269,"Excavation - Horizontal Directional Drilling"
270,"Excavation - Pit Installation"
273,"Excavation - Post Hole Digging"
274,"Excavation - Service Location"
275,"Excavation - Site-Cuts"
276,"Excavation - Trenching"
277,"Excavation - Under Road Boring"
286,"Excavator Hire"
497,"Expert Witness Reports"
515,"Exposed Aggregate Concrete"
802,"Extension Builders"
800,"Extension Design"
805,"Extensions & Additions - Garages"
807,"Extensions & Additions - Project Management"
806,"Extensions & Additions - Structural Engineers"
788,"Exterior Commercial Cleaning"
965,"Exterior Paint"
416,"Exterior Painters"
782,"External Cladding"
1116,"External Shutters"
230,"Fence & Gate Balustrades"
1274,"Fence Fittings"
417,"Fence Painters"
1275,"Fence Panels"
1276,"Fence Posts"
25,"Fencing"
818,"Fencing Contractors"
1377,"Fencing Materials"
1378,"Fencing Suppliers"
73,"Feng Shui"
438,"Fire Doors"
246,"Fire Protection Inspections"
1379,"Fire Protection Materials"
1277,"Fireplace Fascias"
1278,"Fireplace Inserts"
1279,"Fireplace Mantles"
459,"Fireplaces"
1240,"Fixed Awning Suppliers"
934,"Flat Pack Kitchens"
227,"Flea Pest Control"
1082,"Floating Timber Floor Installation"
1177,"Floor Coating Products"
139,"Floor Coatings"
88,"Floor Sanding"
1078,"Floor Tiles"
472,"Floor Tiling"
68,"Fly Screens"
828,"Flyscreen Repairs"
832,"Flyscreen Suppliers"
1241,"Folding Arm Awning Suppliers"
282,"Forklift Hire"
172,"Foxtel, TV & Satellite Antenna Services"
1282,"Frameless Glass Suppliers"
836,"Frames & Trusses Maintenance"
1269,"French Door Suppliers"
454,"Full Service Blind Installation"
1159,"Furniture - Chair"
388,"Furniture Assembly"
923,"Furniture Joinery"
855,"Furniture Removal Including Packing & Unpacking"
854,"Furniture Removalists - Small Move"
140,"Furniture Retailers"
859,"Garage Builders"
858,"Garage Design"
861,"Garage Doors"
96,"Garages"
1179,"Garden Art"
516,"Garden Clean Up"
940,"Garden Design"
49,"Garden Designers"
1180,"Garden Features"
1349,"Garden Fencing Suppliers"
258,"Garden Fertilising"
863,"Garden Ornaments Suppliers"
256,"Garden Pruning & Trimming"
514,"Garden Rubbish Removal"
1181,"Garden Sculptures"
513,"Garden Slashing"
1182,"Garden Statues"
866,"Garden Supplier - Delivery Service"
865,"Garden Suppliers"
70,"Garden Supplies"
1327,"Garden Tools"
78,"Gardeners"
263,"Gardening"
1142,"Gas Fitters"
1284,"Gas Heaters"
903,"Gas Hot Water Systems"
395,"Gas Repairs"
392,"Gasfitting - Gas Installation"
1280,"Gate Suppliers"
128,"Gates"
106,"Gazebo"
872,"Gazebo Construction"
871,"Gazebo Design & Build"
1281,"Gazebo Suppliers"
284,"General Building Work"
908,"General Pest Inspection Reports"
443,"Generators Hire"
1312,"Giant Shade Umbrellas - Supply"
27,"Glass & Glazier"
1183,"Glass Balustrades"
879,"Glass Bricks"
878,"Glass Cutting"
814,"Glass Fencing"
1350,"Glass Fencing Suppliers"
875,"Glass Installations"
876,"Glass Replacement"
156,"Glass Replacement"
873,"Glass Splashbacks"
874,"Glass Suppliers"
877,"Glazing"
1380,"Graffiti Protection"
1322,"Granite Tiles"
1410,"Granny Flats"
1184,"Grates"
399,"Grease Traps"
400,"Grey Water System Plumbers"
922,"Greywater Irrigation Systems"
803,"Ground Floor Extensions"
1144,"Grouting & Regrouting"
142,"Gutter Cleaning"
886,"Gutter Guards"
1185,"Gutter Protection"
887,"Gutter Repairs"
1186,"Gutter Suppliers"
71,"Guttering"
1328,"Hand Tools"
1187,"Handles"
1188,"Handrail Suppliers"
132,"Handrails"
55,"Handyman"
381,"Handyman - Basic Bricklaying"
383,"Handyman - Basic Carpentry"
385,"Handyman - Basic Concreting"
509,"Handyman - Basic Fencing"
389,"Handyman - Basic Garden Jobs"
394,"Handyman - Basic Painting"
510,"Handyman - Basic Paving"
396,"Handyman - Basic Plastering"
401,"Handyman - Basic Tiling"
391,"Handyman - Lock Repairs"
508,"Handyman - Picture & Mirror Hanging"
398,"Handyman - Shower Base Repair"
386,"Handyman - Window and Door Repairs"
69,"Hardware Supplies"
1285,"Heat Pumps"
1246,"Heated Towel Rails"
202,"Heater Repairs"
1189,"Heaters"
252,"Heating System Maintenance"
253,"Heating System Repair"
87,"Heating Systems"
475,"Heritage & Conservation Architect"
1251,"Holland Blinds"
60,"Home Automation"
410,"Home Automation Consultation & Installation"
413,"Home Automation Repairs"
1381,"Home Automation Systems"
789,"Home Cleaners"
281,"Home Extensions"
423,"Home Office Cabinet Makers"
499,"Home Owner Warranty Reports"
402,"Home Renovation Plumbers"
54,"Home Renovations"
44,"Home Security"
1190,"Home Security Products"
62,"Home Theatre"
895,"Home Theatre - Design & Install For Existing Premi"
896,"Home Theatre Design & Install For New Premises"
897,"Home Theatre Troubleshooting Service"
154,"Home Window Tinting"
107,"Homewares"
943,"Horticulture"
1133,"Hospitality Interior Designer"
900,"Hot Water System Installation"
200,"Hot Water System Repairs"
901,"Hot Water System Service & Repairs"
899,"Hot Water System Suppliers"
108,"Hot Water Systems"
405,"Hot Water Unit Installation"
404,"Hot Water Unit Repairs"
65,"House Cleaning"
853,"House Removals"
290,"House and Land Packages"
506,"Hydronic Heating Systems"
254,"Indoor Blinds"
489,"Industrial Building Designers"
798,"Install Carpark Kerbs"
884,"Install Downpipes"
796,"Install Driveway Edges"
829,"Install Flyscreen Doors"
830,"Install Flyscreen Windows"
797,"Install Garden Edges"
883,"Install Gutters"
831,"Install Retractable Flyscreens"
885,"Install Steel Gutters"
714,"Install Toilet"
59,"Insulation"
909,"Insulation Suppliers"
201,"Intercom Systems"
7,"Interior Decorators"
917,"Interior Decorators - Fabric"
916,"Interior Decorators - Wallpapering"
39,"Interior Designers"
1129,"Interior Designers - Bathroom Design"
1125,"Interior Designers - Complete Design Service"
1127,"Interior Designers - Interior Styling"
1138,"Interior Designers - Lighting Consultation"
1134,"Interior Designers - Materials & Finishes Selection"
1135,"Interior Designers - Pre-sale Styling"
1130,"Interior Designers - Renovations"
1136,"Interior Designers - Soft Furnishings Consultation"
966,"Interior Paint"
415,"Interior Painters"
783,"Internal Cladding"
1270,"Internal Door Suppliers"
857,"International Removals"
856,"Interstate Removalists"
919,"Irrigation Consultants"
920,"Irrigation Repairs"
109,"Irrigation Systems"
134,"Joiners"
927,"Joinery - Shop & Office Fitouts"
925,"Joinery - Windows & Doors"
436,"Key Cutting"
1195,"Kitchen Appliances"
930,"Kitchen Benchtops"
314,"Kitchen Cabinet Maker"
932,"Kitchen Cabinet Makers"
1128,"Kitchen Designers"
1382,"Kitchen Fittings"
924,"Kitchen Joinery"
929,"Kitchen Renovation"
931,"Kitchen Resurfacing"
1196,"Kitchen Sinks"
1316,"Kitchen Storage"
1292,"Kitchen Taps"
933,"Kitchen Tilers"
1323,"Kitchen Tiles"
181,"Kitchen Tiling"
10,"Kitchens"
935,"Kitchens - Project Management"
1235,"LED Light Suppliers"
442,"Ladders Hire"
449,"Laminate Benchtops"
167,"Laminate Flooring Installation"
1072,"Land Surveyors"
28,"Landscape Architecture"
939,"Landscape Architecture - Project Management"
941,"Landscape Construction"
938,"Landscape Construction Companies"
937,"Landscape Design"
942,"Landscaper - Project Management"
2,"Landscapers"
84,"Lawn & Turf"
947,"Lawn & Turf - Disease And Pest Management"
945,"Lawn & Turf Laying"
944,"Lawn & Turf Supply"
95,"Lawn Mowing"
948,"Lawn Mowing - Gardens"
949,"Lawn Mowing - Larger Fields"
767,"Laying & Repairing Carpet on Stairs"
1283,"Leadlight Suppliers"
1353,"Lifts"
110,"Lighting"
950,"Lighting - Wiring"
951,"Lighting Design Consultants"
952,"Lighting Installation"
955,"Lighting Maintenance & Servicing"
954,"Lighting Repairs"
1199,"Lighting Suppliers"
1386,"Limestone"
822,"Liming Floor Coatings"
1392,"Lock Suppliers"
435,"Lock Supply & Install"
29,"Locksmiths"
492,"Locksmiths - Lockouts"
1200,"Louvre Roofs"
1331,"Louvre Shutters"
1337,"Louvre Windows"
1201,"Mailboxes"
1202,"Marble Stone"
1324,"Marble Tiles"
447,"Master Key Systems"
471,"Mechanical Ventilation"
1017,"Metal & Colorbond Roof Repairs"
1023,"Metal & Colorbond Roofing"
981,"Metal Pergola Builders"
425,"Microwave Repairs"
1052,"Mini Skip Bin Hire"
111,"Mirrors"
1325,"Mosaic Tiles"
1203,"Mouldings"
1204,"Natural Stone"
376,"New Brick Homes"
387,"New Drain Plumbing"
305,"New Electrical Installations"
477,"New Home Architects"
278,"New Home Builders"
430,"New Home Building Designers"
304,"New Home Electricians"
406,"New Home Plumbing"
928,"New Kitchen"
992,"New Pools"
63,"Nurseries"
962,"Nurseries - Garden Ornaments"
960,"Nurseries - Plants"
961,"Nurseries - Water Features"
393,"Odd Jobs"
784,"Office Cleaning"
1042,"Office Fit Outs"
1132,"Office Interior Design"
1139,"Office Relocation"
155,"Office Window Tinting"
791,"One Off Cleaning"
990,"Ornamental Plastering"
1035,"Other Shade Structures"
453,"Outdoor Blinds"
136,"Outdoor Furniture"
956,"Outdoor Lighting Design & Install"
1237,"Outdoor Lighting Suppliers"
1074,"Outdoor Tiles"
194,"Oven & Range Hood Repairs"
1289,"Ovens"
502,"Owner / Builder Reports"
1254,"PVC Cafe Blinds"
1271,"PVC Door Suppliers"
815,"PVC Fencing"
1338,"PVC Windows"
112,"Paint Supplies"
967,"Paint Supplies - Coatings"
12,"Painters"
482,"Painters - Colour Consulting"
418,"Painters - Exterior Timber Maintenance"
484,"Painters - Special Finishes"
1252,"Panel Glide Blinds"
1205,"Panel Suppliers"
968,"Patio Builders"
971,"Patio Cover Installations"
1294,"Patio Cover Suppliers"
969,"Patio Material Supplies"
970,"Patio Repairs"
972,"Patio Screens, Windows & Doors"
1295,"Patio Suppliers"
81,"Patios"
26,"Pavers"
976,"Paving - Garden Edges"
977,"Paving - Paths"
974,"Paving - Patios"
978,"Paving Suppliers"
1243,"Pergola Awning Suppliers"
984,"Pergola Construction"
982,"Pergola Covers"
985,"Pergola Including Council Approval Service"
986,"Pergola Screens, Windows & Doors"
57,"Pergolas"
30,"Pest Control"
496,"Pest Control - Preconstruction Treatments"
1393,"Pest Control Products"
92,"Pest Inspections"
906,"Pest Inspections - Thermal Imaging"
361,"Piering"
1395,"Pipes"
991,"Plaster Repairs"
503,"Plasterboard Suppliers"
31,"Plastering"
989,"Plastering - Partitioning"
1396,"Playground Equipment"
1253,"Pleated Blinds"
11,"Plumbers"
412,"Plumbers -  Rain Water Tank Installation"
414,"Plumbing Installation"
397,"Plumbing Maintenance"
1404,"Plunge Pools"
1297,"Polishes"
1302,"Poly Water Tanks"
1002,"Pool Accessories"
999,"Pool Cleaning Service"
1208,"Pool Covers"
272,"Pool Excavations"
144,"Pool Fencing"
998,"Pool Fencing Installation"
997,"Pool Fencing Suppliers"
1299,"Pool Filters"
1209,"Pool Heating"
957,"Pool Lighting Design & Install"
94,"Pool Maintenance"
1000,"Pool Maintenance & Repairs"
975,"Pool Paving"
996,"Pool Permits"
993,"Pool Renovation"
995,"Pool Repairs"
994,"Pool Resurfacing"
1001,"Pool Servicing"
1210,"Pool Suppliers"
1326,"Pool Tiles"
129,"Pools"
228,"Possum Removal"
1301,"Pots"
1375,"Power Tools"
441,"Power Tools Hire"
500,"Pre-Purchase Building Reports"
241,"Pre-Purchase Property Inspections"
905,"Pre-Purchase Property Pest Inspections"
64,"Pressure Cleaner"
1005,"Pressure Cleaning - Brick Cleaning"
1004,"Pressure Cleaning - Driveway Clean"
1003,"Pressure Cleaning - Graffiti Removal"
1007,"Pressure Cleaning - Paving Clean"
1006,"Pressure Cleaning - Pool Cleaning"
1211,"Primer"
1212,"Privacy Screens"
147,"Professional Organisers"
1262,"Protective Coating Materials"
1073,"Quantity Surveyors"
231,"Rabbit Control"
75,"Rain Water Tanks"
206,"Rainwater Tank Installation"
204,"Rainwater Tank Repairs"
888,"Rainwater Tank Set Up"
203,"Rainwater Tank Suppliers"
1290,"Rangehoods"
518,"Ready Made Curtains"
338,"Recycling Focused Demolition"
469,"Refrigeration Air Conditioning"
180,"Refrigerator Repairs"
91,"Removalists"
1214,"Render"
46,"Rendering"
308,"Renovation Electricians"
790,"Rental Bond Cleaning"
1215,"Reproduction Stone"
211,"Residential Architects"
1409,"Restumping"
1014,"Retaining Wall Material Suppliers"
1305,"Retaining Wall Suppliers"
74,"Retaining Walls"
1306,"Retractable Screen Suppliers"
1094,"Reupholstery"
470,"Reverse Cycle Air Conditioning"
505,"Reverse Cycle Heating Systems"
229,"Rodent Control"
1244,"Roller Awning Suppliers"
1255,"Roller Blinds"
1307,"Roller Doors"
1216,"Roller Shutters"
1256,"Roman Blinds"
1308,"Roof Accessories"
1309,"Roof Materials"
419,"Roof Painters"
90,"Roof Repairs"
1019,"Roof Repairs - General Maintenance"
1015,"Roof Repairs - Repointing"
1018,"Roof Restoration"
1016,"Roof Tile Replacement"
1310,"Roof Tiles"
185,"Roof Tiling"
834,"Roof Trusses"
176,"Roof Ventilation"
13,"Roofing"
1020,"Roofing - Bedding & Pointing"
1024,"Roofing Contractors"
1021,"Roofing Material Suppliers"
34,"Rubbish Removal"
1026,"Rubbish Removal - Skip & Bin Hire"
1025,"Rubbish Removal Service"
761,"Rug Cleaning"
126,"Rugs"
439,"Safes"
1400,"Safety Equipment"
1313,"Sails - Supply"
421,"Sand Supplies"
1217,"Saunas"
32,"Scaffolding"
1137,"Scaffolding - Erecting & Dismantling"
1027,"Scaffolding Hire Services"
1028,"Scaffolding Suppliers"
1218,"Screen Enclosures"
1219,"Sealants"
135,"Second Hand Furniture"
804,"Second Story Additions"
478,"Security - 24 Hour Monitoring"
1140,"Security - Access Control"
198,"Security Card Access"
1029,"Security Door Installation"
1272,"Security Door Suppliers"
816,"Security Fencing"
1352,"Security Fencing Suppliers"
196,"Security Guards"
199,"Security Lighting"
1030,"Security Screen Door Installation"
1031,"Security Screen Door Repairs"
67,"Security Screen Doors"
466,"Security Window Tinting"
189,"Self Storage"
52,"Shade Sails"
733,"Shampoo & Soap Dispensers"
1038,"Shed Builders"
1037,"Shed Suppliers"
97,"Sheds"
1220,"Shelves"
191,"Shelving & Storage Solutions"
1040,"Shop Fitters - Custom Design"
1041,"Shop Fitters - Installation"
1043,"Shop Fitters - Project Management"
1044,"Shop Fitters - Raised Floor Installation"
1141,"Shop Fitters - Shelving & Display Racks"
1045,"Shop Fitters - Shop Doors"
1046,"Shop Fitters - Shop Fronts"
146,"Shopfitters"
1248,"Shower Heads"
712,"Shower Installation"
243,"Shower Resurfacing"
1049,"Shower Screen Repairs"
1050,"Shower Screen Replacement"
1048,"Shower Screen Suppliers"
113,"Shower Screens"
1110,"Shower Sealing"
21,"Shutters"
1117,"Shutters - Installation Only"
232,"Silverfish Control"
40,"Skip & Truck Hire"
1051,"Skip Hire"
1054,"Skylight Installation"
1056,"Skylight Repairs"
1057,"Skylight Showrooms"
1055,"Skylight Supply"
33,"Skylights"
1273,"Sliding Door Suppliers"
1339,"Sliding Windows"
707,"Small Asbestos Clean-Ups"
233,"Snake Removal"
730,"Soap Dishes & Toothbrush Holders"
915,"Soft Furnishing Suppliers"
479,"Solar Hot Water Plumbers"
902,"Solar Hot Water Systems"
1300,"Solar Pool Heating"
1147,"Solar Power"
1223,"Solar Power Accessories"
524,"Solar Power Electricians"
1083,"Solid Timber Floor Installation"
988,"Solid Wall Plastering"
1060,"Spa Baths"
1058,"Spa Installation"
1059,"Spa Maintenance"
1126,"Space Planning Designer"
130,"Spas"
1061,"Spas Showrooms"
1369,"Speakers"
235,"Spider Control"
1320,"Splashback Suppliers"
121,"Splashbacks"
1064,"Splashbacks Showrooms"
468,"Split System Air Conditioning"
921,"Spray Irrigation Systems"
485,"Spray Painting"
375,"Spray-On Concrete"
114,"Stained Glass"
234,"Stair Balustrades"
890,"Stair Handrails"
1066,"Staircase Design + Build"
61,"Staircases"
1065,"Staircases - Balustrading"
1100,"Standalone Wardrobe Builders"
811,"Steel Fencing"
860,"Steel Garages"
302,"Steel Supplies"
1249,"Stone Basins"
778,"Stone Cladding"
826,"Stone Floor Polishing"
1296,"Stone Pavers"
1012,"Stone Retaining Walls"
1076,"Stone Tiles"
1225,"Stone Veneer"
77,"Stonemasons"
1069,"Stonemasons - Restoration & Repairs"
1071,"Stonemasons - Stone Flagging"
1070,"Stonemasons - Stone Walls"
138,"Storage"
889,"Stormwater Pits & Drains"
190,"Stove & Cooktop Repairs"
104,"Structural Engineer"
1088,"Stump Grinding"
178,"Sub Floor Ventilation"
1314,"Sunscreen Supply"
1063,"Supply & Install Acrylic Splashbacks"
913,"Supply & Install Ceiling Insulation"
912,"Supply & Install Floor Insulation"
869,"Supply & Install Gates"
1062,"Supply & Install Glass Splashbacks"
250,"Supply & Install Heating Systems"
910,"Supply & Install Roof Insulation"
911,"Supply & Install Wall Insulation"
289,"Survey Equipment Hire"
115,"Surveyor"
756,"Sustainable Building Advisor"
486,"Sustainable Building Design"
473,"Sustainable Design Architecture"
946,"Synthetic Turf Supply & Install"
205,"TV Repairs"
1228,"TV Units"
1354,"Televisions"
817,"Temporary Fencing"
1361,"Termite Control Products"
907,"Termite Inspection"
236,"Termite Treatment"
538,"Test and Tag"
188,"Tile & Grout Cleaners"
794,"Tile & Grout Cleaning"
1263,"Tile Protective Coating Materials"
455,"Tile Removal"
186,"Tile Resurfacing"
1112,"Tile Seepage"
116,"Tile Suppliers"
1022,"Tiled Roofing"
35,"Tilers"
444,"Tilers - Mosaic"
184,"Tilers - Outdoor Paving"
242,"Tiles Resurfacing"
1257,"Timber Blinds"
779,"Timber Cladding"
1265,"Timber Decking"
808,"Timber Fencing"
819,"Timber Floor Coating"
1084,"Timber Floor Coatings"
1081,"Timber Floor Installation"
825,"Timber Floor Polishing"
1085,"Timber Floor Repairs"
824,"Timber Floor Sanding"
15,"Timber Flooring"
1226,"Timber Flooring Suppliers"
980,"Timber Pergola Builders"
1013,"Timber Retaining Walls"
1114,"Timber Shutters"
1068,"Timber Staircase (External)"
1067,"Timber Staircase (Internal)"
301,"Timber Suppliers"
407,"Toilet Installation"
409,"Toilet Repairs"
728,"Toilet Seats"
1227,"Toilet Suppliers"
1374,"Tools"
476,"Transport & Store"
179,"Trapped Heat Ventilation"
698,"Tree Consulting"
37,"Tree Fellers"
1090,"Tree Felling"
1091,"Tree Lopping"
699,"Tree Pruning"
701,"Tree Removal"
1087,"Tree Removal - Land Clearing"
702,"Tree Stump Removal"
700,"Tree Surgery"
288,"Trenching Equipment Hire"
1053,"Truck & Ute Hire"
105,"Trusses"
458,"Underfloor Heating Systems"
491,"Unit Development"
762,"Upholstery Cleaning"
117,"Upholstery Repair"
1092,"Upholstery Repairs"
1093,"Upholstery Restoration"
461,"Vacuum Cleaner Repairs"
1229,"Vacuum Cleaners"
718,"Vanity Installations"
1258,"Venetian Blinds"
1113,"Venetian Shutters"
118,"Ventilation"
171,"Ventilation - Condensation Removal"
173,"Ventilation - Damp Removal"
174,"Ventilation - Mould & Mildew Removal"
175,"Ventilation - Musty Smell Removal"
1230,"Ventilation Products"
1364,"Verandahs"
237,"Vermin Control"
1259,"Vertical Blinds"
45,"Vinyl & Laminate"
775,"Vinyl Cladding"
812,"Vinyl Fencing"
169,"Vinyl Installation"
170,"Vinyl Strip & Seal"
1260,"Wall Cladding"
835,"Wall Frames"
1391,"Wall Light Suppliers"
1077,"Wall Tiles"
474,"Wall Tiling"
1097,"Wallpaper Installation"
1096,"Wallpaper Supplies"
80,"Wallpapering"
1098,"Wardrobe Shelving & Storage Solutions"
1101,"Wardrobe Suppliers"
79,"Wardrobes"
1250,"Wash Basins"
795,"Washing & Ironing Cleaning Services"
183,"Washing Machine Repairs"
238,"Wasp Removal"
1362,"Water Conservation Products"
161,"Water Feature Construction"
163,"Water Feature Design"
165,"Water Feature Installation"
166,"Water Feature Suppliers"
119,"Water Features"
1231,"Water Filters"
1330,"Water Pumps"
1109,"Waterproofers - Grout Seepage"
1108,"Waterproofers - Ponds & Water Features"
1107,"Waterproofers - Pools"
1111,"Waterproofers - Rising Damp"
53,"Waterproofing"
1232,"Waterproofing Products"
260,"Weeding"
403,"Welding"
160,"Window Cleaners - Abseiling"
159,"Window Cleaners - Standard"
85,"Window Cleaning"
158,"Window Frame Repairs"
1121,"Window Frames"
1119,"Window Glass"
157,"Window Glass Repairs"
1122,"Window Installation"
36,"Window Repair"
1123,"Window Repairs"
1120,"Window Replacements"
83,"Window Tinting"
16,"Windows"
1366,"Wine Racks"
1340,"Wood Care Products"
823,"Wooden Stain Floor Coatings"
